stock,year,bbmsy,ffmsy,bbmsy.effEdepP,ffmsy.effEdepP
Arca noae,1952,1.40204850470048,1.86105058626235e-05,1.40204850470048,1.86105058626235e-05
Arca noae,1953,0.0491733849556102,0.000530629159248751,0.0491733849556102,0.000530629159248751
Arca noae,1954,0.0137525434290609,0.001897309545031,0.0137525434290609,0.001897309545031
Arca noae,1955,0.00824240497112696,0.00316568186200672,0.00824240497112696,0.00316568186200672
Arca noae,1956,0.00578713978893364,0.00450876129971946,0.00578713978893364,0.00450876129971946
Arca noae,1957,0.00546219585390126,0.00477698577903873,0.00546219585390126,0.00477698577903873
Arca noae,1958,0.00565468622295779,0.00461437308589729,0.00565468622295779,0.00461437308589729
Arca noae,1959,0.00589247863016561,0.00442815893855474,0.00589247863016561,0.00442815893855474
Arca noae,1960,0.00600800661213746,0.00434300985350075,0.00600800661213746,0.00434300985350075
Arca noae,1961,0.0050385871844563,0.00517860085797568,0.0050385871844563,0.00517860085797568
Arca noae,1962,0.0057751277070848,0.00451813937974056,0.0057751277070848,0.00451813937974056
Arca noae,1963,0.00598011329042905,0.00436326715719102,0.00598011329042905,0.00436326715719102
Arca noae,1964,0.00645266618126539,0.00404372877558246,0.00645266618126539,0.00404372877558246
Arca noae,1965,0.0060542268003187,0.00430985372319337,0.0060542268003187,0.00430985372319337
Arca noae,1966,0.00453991317979332,0.0057474297157371,0.00453991317979332,0.0057474297157371
Arca noae,1967,0.00454874871513477,0.00573626585034112,0.00454874871513477,0.00573626585034112
Arca noae,1968,0.00485684290334963,0.00537238540254517,0.00485684290334963,0.00537238540254517
Arca noae,1969,0.00461223551033867,0.00565730693021239,0.00461223551033867,0.00565730693021239
Arca noae,1970,0.00509397959356313,0.00512228826934881,0.00509397959356313,0.00512228826934881
Arca noae,1971,0.00507215066770277,0.00514433297152593,0.00507215066770277,0.00514433297152593
Arca noae,1972,0.00598454674595583,0.004360034773568,0.00598454674595583,0.004360034773568
Arca noae,1973,0.00586658176325899,0.0044477061719013,0.00586658176325899,0.0044477061719013
Arca noae,1974,0.00527159375553554,0.00494970461049115,0.00527159375553554,0.00494970461049115
Arca noae,1975,0.0045196244481386,0.00577323010259336,0.0045196244481386,0.00577323010259336
Arca noae,1976,0.00540750493578183,0.00482529969482831,0.00540750493578183,0.00482529969482831
Arca noae,1977,0.00529946015206695,0.00492367734970772,0.00529946015206695,0.00492367734970772
Arca noae,1978,0.0046460545291856,0.00561612692070242,0.0046460545291856,0.00561612692070242
Arca noae,1979,0.0049537319837034,0.0052673079614016,0.0049537319837034,0.0052673079614016
Arca noae,1980,0.00415486539205084,0.00628006673003941,0.00415486539205084,0.00628006673003941
Arca noae,1981,0.00388719597682936,0.00671250744031013,0.00388719597682936,0.00671250744031013
Arca noae,1982,0.00399406008406159,0.00653290921199078,0.00399406008406159,0.00653290921199078
Arca noae,1983,0.00313544613420855,0.00832188811401698,0.00313544613420855,0.00832188811401698
Arca noae,1984,0.00246291618362255,0.010594283349924,0.00246291618362255,0.010594283349924
Arca noae,1985,0.00299467304569003,0.00871308203543749,0.00299467304569003,0.00871308203543749
Arca noae,1986,0.00249944087115528,0.0104394675695409,0.00249944087115528,0.0104394675695409
Arca noae,1987,0.0026368345811639,0.00989551339428096,0.0026368345811639,0.00989551339428096
Arca noae,1988,0.00220250455122439,0.0118468912592737,0.00220250455122439,0.0118468912592737
Arca noae,1989,0.00245819239195965,0.010614641881472,0.00245819239195965,0.010614641881472
Arca noae,1990,0.00223000330393727,0.0117008041514295,0.00223000330393727,0.0117008041514295
Arca noae,1991,0.00226309188947545,0.011529727112609,0.00226309188947545,0.011529727112609
Arca noae,1992,0.00240060040249982,0.010869294152096,0.00240060040249982,0.010869294152096
Arca noae,1993,0.00242846187034641,0.0107445919719912,0.00242846187034641,0.0107445919719912
Arca noae,1994,0.00244373418111359,0.0106774427914743,0.00244373418111359,0.0106774427914743
Arca noae,1995,0.0021101245962055,0.0123655408611092,0.0021101245962055,0.0123655408611092
Arca noae,1996,0.00217903795535374,0.0119744733460482,0.00217903795535374,0.0119744733460482
Arca noae,1997,0.00224083211445865,0.0116442600710916,0.00224083211445865,0.0116442600710916
Arca noae,1998,0.00198342372384198,0.0131554501455027,0.00198342372384198,0.0131554501455027
Arca noae,1999,0.00221964220883163,0.011755422478718,0.00221964220883163,0.011755422478718
Arca noae,2000,0.00228543775380614,0.0114169952224496,0.00228543775380614,0.0114169952224496
Arca noae,2001,0.00203846073798061,0.0128002621930601,0.00203846073798061,0.0128002621930601
Arca noae,2002,0.00242246735976506,0.0107711799753377,0.00242246735976506,0.0107711799753377
Arca noae,2003,0.00224676260998053,0.011613524188315,0.00224676260998053,0.011613524188315
Arca noae,2004,0.00250067245598955,0.0104343261165267,0.00250067245598955,0.0104343261165267
Arca noae,2005,0.00258366744486238,0.0100991449067086,0.00258366744486238,0.0100991449067086
Arca noae,2006,0.00247928917461524,0.0105243197056511,0.00247928917461524,0.0105243197056511
Arca noae,2007,0.00240852559735917,0.0108335290042257,0.00240852559735917,0.0108335290042257
Arca noae,2008,0.00328441267382616,0.00794444380401624,0.00328441267382616,0.00794444380401624
Arca noae,2009,0.00605883579138682,0.00430657519279594,0.00605883579138682,0.00430657519279594
Arca noae,2010,0.0257814945221115,0.00101207600257744,0.0257814945221115,0.00101207600257744
Arca noae,2011,1.0917322766529,0.310705126309263,1.0917322766529,0.310705126309263
Arca noae,2012,2.38189060728102,0.142410744589379,2.38189060728102,0.142410744589379
Arca noae,2013,2.6684585273211,0.195564830026461,2.6684585273211,0.195564830026461
Arca noae,2014,2.56282559293505,0.173081673525422,2.56282559293505,0.173081673525422
Arca noae,2015,2.52136244355942,0.227671473265325,2.52136244355942,0.227671473265325
Arca noae,2016,1.19808057747402,0.631587006586223,1.19808057747402,0.631587006586223
Arca noae,2017,1.16247097079883,0.67338021951155,1.16247097079883,0.67338021951155
Arca noae,2018,0.976973523804885,0.640987652925303,0.976973523804885,0.640987652925303
Bivalvia,1952,1.42458892544112,1.98913470530166e-08,1.42458892544112,1.98913470530166e-08
Bivalvia,1953,0.000273345052066329,0.000103667480020663,0.000273345052066329,0.000103667480020663
Bivalvia,1954,7.38905359078338e-06,0.00383499623810809,7.38905359078338e-06,0.00383499623810809
Bivalvia,1955,2.08458106210512e-06,0.0135936151579623,2.08458106210512e-06,0.0135936151579623
Bivalvia,1956,1.42833758250536e-06,0.0198391424204698,1.42833758250536e-06,0.0198391424204698
Bivalvia,1957,1.2667682405004e-06,0.0223695162365609,1.2667682405004e-06,0.0223695162365609
Bivalvia,1958,1.23785389683821e-06,0.0228920333782631,1.23785389683821e-06,0.0228920333782631
Bivalvia,1959,1.27105309297633e-06,0.0222941062654422,1.27105309297633e-06,0.0222941062654422
Bivalvia,1960,1.32701617781581e-06,0.0213539165516989,1.32701617781581e-06,0.0213539165516989
Bivalvia,1961,1.2574986010506e-06,0.0225344129211426,1.2574986010506e-06,0.0225344129211426
Bivalvia,1962,1.25524940660765e-06,0.0225747907743808,1.25524940660765e-06,0.0225747907743808
Bivalvia,1963,1.26772337733408e-06,0.022352662442357,1.26772337733408e-06,0.022352662442357
Bivalvia,1964,1.30443838076325e-06,0.0217235195941206,1.30443838076325e-06,0.0217235195941206
Bivalvia,1965,1.2128165199391e-06,0.0233646163768088,1.2128165199391e-06,0.0233646163768088
Bivalvia,1966,1.3004706748404e-06,0.0217897975494994,1.3004706748404e-06,0.0217897975494994
Bivalvia,1967,1.19039465713996e-06,0.0238047042246609,1.19039465713996e-06,0.0238047042246609
Bivalvia,1968,1.19435929931962e-06,0.0237256851769613,1.19435929931962e-06,0.0237256851769613
Bivalvia,1969,1.22852540095963e-06,0.0230658582245827,1.22852540095963e-06,0.0230658582245827
Bivalvia,1970,1.22935896039928e-06,0.0230502185583206,1.22935896039928e-06,0.0230502185583206
Bivalvia,1971,1.26813230639206e-06,0.022345454477423,1.26813230639206e-06,0.022345454477423
Bivalvia,1972,1.26008691687231e-06,0.0224881254970643,1.26008691687231e-06,0.0224881254970643
Bivalvia,1973,1.24562625573572e-06,0.0227491935027464,1.24562625573572e-06,0.0227491935027464
Bivalvia,1974,1.22959352908658e-06,0.0230458212844402,1.22959352908658e-06,0.0230458212844402
Bivalvia,1975,1.25457432903238e-06,0.0225869381096685,1.25457432903238e-06,0.0225869381096685
Bivalvia,1976,1.21149275438506e-06,0.0233901462648176,1.21149275438506e-06,0.0233901462648176
Bivalvia,1977,1.22491941462084e-06,0.0231337607891575,1.22491941462084e-06,0.0231337607891575
Bivalvia,1978,1.27029817156245e-06,0.0223073553581355,1.27029817156245e-06,0.0223073553581355
Bivalvia,1979,1.25926024634607e-06,0.0225028883473907,1.25926024634607e-06,0.0225028883473907
Bivalvia,1980,1.22390568807616e-06,0.0231529218304197,1.22390568807616e-06,0.0231529218304197
Bivalvia,1981,1.23180752193185e-06,0.0230043998102822,1.23180752193185e-06,0.0230043998102822
Bivalvia,1982,1.22928081727044e-06,0.0230516838184738,1.22928081727044e-06,0.0230516838184738
Bivalvia,1983,1.2424452998041e-06,0.0228074368572212,1.2424452998041e-06,0.0228074368572212
Bivalvia,1984,1.34755988418e-06,0.0210283736229478,1.34755988418e-06,0.0210283736229478
Bivalvia,1985,3.08253864042409e-06,0.00919274534055306,3.08253864042409e-06,0.00919274534055306
Bivalvia,1986,6.39525702272766e-05,0.000443093883844362,6.39525702272766e-05,0.000443093883844362
Bivalvia,1987,0.100765532426283,0.811030171207817,0.100765532426283,0.811030171207817
Bivalvia,1988,0.298278865154533,0.125402215058319,0.298278865154533,0.125402215058319
Bivalvia,1989,0.472278649288134,0.0661806393778332,0.472278649288134,0.0661806393778332
Bivalvia,1990,0.588946797458545,0.0721720353505138,0.588946797458545,0.0721720353505138
Bivalvia,1991,0.621708301433456,0.0913407996766795,0.621708301433456,0.0913407996766795
Bivalvia,1992,0.831632215131433,0.0867863451588356,0.831632215131433,0.0867863451588356
Bivalvia,1993,0.790209667802274,0.109122265105217,0.790209667802274,0.109122265105217
Bivalvia,1994,0.84887752648421,0.117904238453698,0.84887752648421,0.117904238453698
Bivalvia,1995,0.914356269609406,0.124460635926441,0.914356269609406,0.124460635926441
Bivalvia,1996,0.808527274127603,0.144256187494907,0.808527274127603,0.144256187494907
Bivalvia,1997,0.794858779652477,0.116790542596592,0.794858779652477,0.116790542596592
Bivalvia,1998,0.887879319435289,0.116554913671443,0.887879319435289,0.116554913671443
Bivalvia,1999,0.720291745415825,0.089894169669512,0.720291745415825,0.089894169669512
Bivalvia,2000,0.625634498647565,0.0775419700289437,0.625634498647565,0.0775419700289437
Bivalvia,2001,0.552597054194843,0.0805603562871068,0.552597054194843,0.0805603562871068
Bivalvia,2002,0.7067040357562,0.0824001521162483,0.7067040357562,0.0824001521162483
Bivalvia,2003,0.636659002140779,0.068187636877729,0.636659002140779,0.068187636877729
Bivalvia,2004,0.599503452390094,0.06418918183965,0.599503452390094,0.06418918183965
Bivalvia,2005,0.58127312917643,0.082436039601373,0.58127312917643,0.082436039601373
Bivalvia,2006,0.585482260992897,0.0684367578337039,0.585482260992897,0.0684367578337039
Bivalvia,2007,0.5443968396728,0.0762563103146721,0.5443968396728,0.0762563103146721
Bivalvia,2008,0.524622617062816,0.0725408703139298,0.524622617062816,0.0725408703139298
Bivalvia,2009,0.427294822334464,0.0574970053635071,0.427294822334464,0.0574970053635071
Bivalvia,2010,0.448936668779182,0.0806676736822135,0.448936668779182,0.0806676736822135
Bivalvia,2011,0.310371508006541,0.0424546109313127,0.310371508006541,0.0424546109313127
Bivalvia,2012,0.277154890590029,0.0391588551445847,0.277154890590029,0.0391588551445847
Bivalvia,2013,0.356649026704637,0.044414474025023,0.356649026704637,0.044414474025023
Bivalvia,2014,0.414168426993828,0.0594561175407465,0.414168426993828,0.0594561175407465
Bivalvia,2015,0.400038643967198,0.0634687319923936,0.400038643967198,0.0634687319923936
Bivalvia,2016,0.409758181132062,0.0957110796944541,0.409758181132062,0.0957110796944541
Bivalvia,2017,0.433041423065339,0.0463294959324177,0.433041423065339,0.0463294959324177
Bivalvia,2018,0.94015103846608,0.0206465123385876,0.94015103846608,0.0206465123385876
Callista chione,1952,1.43860022236012,7.07786574462681e-08,1.43860022236012,7.07786574462681e-08
Callista chione,1953,0.000284173236713788,0.000358310281144121,0.000284173236713788,0.000358310281144121
Callista chione,1954,7.61217000848915e-06,0.0133762372919942,7.61217000848915e-06,0.0133762372919942
Callista chione,1955,2.00656218301542e-06,0.0507445984990786,2.00656218301542e-06,0.0507445984990786
Callista chione,1956,1.35863202199592e-06,0.0749446433560197,1.35863202199592e-06,0.0749446433560197
Callista chione,1957,1.26052943167298e-06,0.0807773224346009,1.26052943167298e-06,0.0807773224346009
Callista chione,1958,1.27696172376478e-06,0.0797378577960483,1.27696172376478e-06,0.0797378577960483
Callista chione,1959,1.1883205215705e-06,0.0856857981430657,1.1883205215705e-06,0.0856857981430657
Callista chione,1960,1.22753604392555e-06,0.082948433852039,1.22753604392555e-06,0.082948433852039
Callista chione,1961,1.1722848185913e-06,0.086857895560662,1.1722848185913e-06,0.086857895560662
Callista chione,1962,1.25480064299815e-06,0.0811461110645145,1.25480064299815e-06,0.0811461110645145
Callista chione,1963,1.23916754078904e-06,0.0821698349810848,1.23916754078904e-06,0.0821698349810848
Callista chione,1964,1.31408436309131e-06,0.0774852781148858,1.31408436309131e-06,0.0774852781148858
Callista chione,1965,1.21911885320805e-06,0.0835211366575232,1.21911885320805e-06,0.0835211366575232
Callista chione,1966,1.23195423175449e-06,0.0826509538390414,1.23195423175449e-06,0.0826509538390414
Callista chione,1967,1.20716258678635e-06,0.0843483665374506,1.20716258678635e-06,0.0843483665374506
Callista chione,1968,1.19974951234889e-06,0.0848695425941062,1.19974951234889e-06,0.0848695425941062
Callista chione,1969,1.22756613626263e-06,0.0829464004689427,1.22756613626263e-06,0.0829464004689427
Callista chione,1970,1.21573113422031e-06,0.0837538740881669,1.21573113422031e-06,0.0837538740881669
Callista chione,1971,1.24485988608237e-06,0.0817940986603654,1.24485988608237e-06,0.0817940986603654
Callista chione,1972,1.24907727815179e-06,0.0815179285714126,1.24907727815179e-06,0.0815179285714126
Callista chione,1973,1.23670650523306e-06,0.0823333522623976,1.23670650523306e-06,0.0823333522623976
Callista chione,1974,1.21585340495448e-06,0.083745451487521,1.21585340495448e-06,0.083745451487521
Callista chione,1975,1.18968651497222e-06,0.0855874140448922,1.18968651497222e-06,0.0855874140448922
Callista chione,1976,1.21577221441839e-06,0.0837510440960874,1.21577221441839e-06,0.0837510440960874
Callista chione,1977,1.25667120340246e-06,0.0810253247347971,1.25667120340246e-06,0.0810253247347971
Callista chione,1978,1.20158058636454e-06,0.0847402109321875,1.20158058636454e-06,0.0847402109321875
Callista chione,1979,1.21587234123382e-06,0.0837441472163328,1.21587234123382e-06,0.0837441472163328
Callista chione,1980,1.1860703963005e-06,0.0858483549190237,1.1860703963005e-06,0.0858483549190237
Callista chione,1981,1.20131172380849e-06,0.0847591764257061,1.20131172380849e-06,0.0847591764257061
Callista chione,1982,1.16725358205075e-06,0.0872322808910642,1.16725358205075e-06,0.0872322808910642
Callista chione,1983,1.2056330027117e-06,0.0844553791340601,1.2056330027117e-06,0.0844553791340601
Callista chione,1984,1.20125876918568e-06,0.0847629128314927,1.20125876918568e-06,0.0847629128314927
Callista chione,1985,1.21430989329284e-06,0.0838519004934084,1.21430989329284e-06,0.0838519004934084
Callista chione,1986,1.2163743436648e-06,0.083709585680485,1.2163743436648e-06,0.083709585680485
Callista chione,1987,1.16599669853166e-06,0.0873263127320834,1.16599669853166e-06,0.0873263127320834
Callista chione,1988,1.2277546081038e-06,0.0829336674189407,1.2277546081038e-06,0.0829336674189407
Callista chione,1989,1.14068395034314e-06,0.0892641579728745,1.14068395034314e-06,0.0892641579728745
Callista chione,1990,1.15674293668154e-06,0.08802490952109,1.15674293668154e-06,0.08802490952109
Callista chione,1991,1.19677305249231e-06,0.0850806191938443,1.19677305249231e-06,0.0850806191938443
Callista chione,1992,1.18902533117381e-06,0.0856350068169141,1.18902533117381e-06,0.0856350068169141
Callista chione,1993,1.19179248931249e-06,0.0854361755537579,1.19179248931249e-06,0.0854361755537579
Callista chione,1994,1.2117933404022e-06,0.0840260372340034,1.2117933404022e-06,0.0840260372340034
Callista chione,1995,1.15651425122845e-06,0.08804231528699,1.15651425122845e-06,0.08804231528699
Callista chione,1996,1.15413110857349e-06,0.08822411213437,1.15413110857349e-06,0.08822411213437
Callista chione,1997,1.14567420005759e-06,0.0888753472282383,1.14567420005759e-06,0.0888753472282383
Callista chione,1998,1.16113585264826e-06,0.0876918855862744,1.16113585264826e-06,0.0876918855862744
Callista chione,1999,1.14866201309505e-06,0.088644171374828,1.14866201309505e-06,0.088644171374828
Callista chione,2000,1.16221858506293e-06,0.0876101911027686,1.16221858506293e-06,0.0876101911027686
Callista chione,2001,1.16078369436132e-06,0.0877184895301071,1.16078369436132e-06,0.0877184895301071
Callista chione,2002,1.24403403865655e-06,0.0818483973722388,1.24403403865655e-06,0.0818483973722388
Callista chione,2003,2.90276068082334e-06,0.0350777082703461,2.90276068082334e-06,0.0350777082703461
Callista chione,2004,7.93385081178077e-05,0.00128338929929662,7.93385081178077e-05,0.00128338929929662
Callista chione,2005,0.233423514436656,1.28944335914517,0.233423514436656,1.28944335914517
Callista chione,2006,0.659595106709224,0.338071945891668,0.659595106709224,0.338071945891668
Callista chione,2007,0.701637094421482,0.26890898999947,0.701637094421482,0.26890898999947
Callista chione,2008,0.740788256363182,0.229405957176872,0.740788256363182,0.229405957176872
Callista chione,2009,0.796532980087935,0.249911040725274,0.796532980087935,0.249911040725274
Callista chione,2010,0.667590446057584,0.256084343251732,0.667590446057584,0.256084343251732
Callista chione,2011,0.832409654016226,0.208559375907067,0.832409654016226,0.208559375907067
Callista chione,2012,0.706264920539756,0.206163056966941,0.706264920539756,0.206163056966941
Callista chione,2013,0.688160250949166,0.243398984712039,0.688160250949166,0.243398984712039
Callista chione,2014,0.617485549410052,0.212553647696481,0.617485549410052,0.212553647696481
Callista chione,2015,0.61118514892336,0.224574035407847,0.61118514892336,0.224574035407847
Callista chione,2016,0.58440761774754,0.247234441412878,0.58440761774754,0.247234441412878
Callista chione,2017,0.655108410533071,0.182938760147058,0.655108410533071,0.182938760147058
Callista chione,2018,0.9310645310788,0.178367868352817,0.9310645310788,0.178367868352817
Cardiidae,1952,1.40511987718775,2.06752736898688e-06,1.40511987718775,2.06752736898688e-06
Cardiidae,1953,0.0159100724912858,0.000182596515784849,0.0159100724912858,0.000182596515784849
Cardiidae,1954,0.00251404495149601,0.00115555762082314,0.00251404495149601,0.00115555762082314
Cardiidae,1955,0.00109966276642746,0.00264183156098956,0.00109966276642746,0.00264183156098956
Cardiidae,1956,0.000869776940669653,0.00334007912483453,0.000869776940669653,0.00334007912483453
Cardiidae,1957,0.00080787066494413,0.00359602586014689,0.00080787066494413,0.00359602586014689
Cardiidae,1958,0.000781930258374628,0.00371532342133931,0.000781930258374628,0.00371532342133931
Cardiidae,1959,0.000812628562115509,0.00357497131928303,0.000812628562115509,0.00357497131928303
Cardiidae,1960,0.000756452819046281,0.00384045604649324,0.000756452819046281,0.00384045604649324
Cardiidae,1961,0.000682740277919857,0.00425509362307487,0.000682740277919857,0.00425509362307487
Cardiidae,1962,0.000816294217122472,0.00355891753470218,0.000816294217122472,0.00355891753470218
Cardiidae,1963,0.000894490361494304,0.00324779777161595,0.000894490361494304,0.00324779777161595
Cardiidae,1964,0.000807752989630504,0.00359654973746623,0.000807752989630504,0.00359654973746623
Cardiidae,1965,0.000747466547114995,0.0038866271862013,0.000747466547114995,0.0038866271862013
Cardiidae,1966,0.000699274577324197,0.00415448222629475,0.000699274577324197,0.00415448222629475
Cardiidae,1967,0.000656644960931589,0.00442419263930941,0.000656644960931589,0.00442419263930941
Cardiidae,1968,0.000644970747048923,0.0045042721954222,0.000644970747048923,0.0045042721954222
Cardiidae,1969,0.000662280040495672,0.00438654892969273,0.000662280040495672,0.00438654892969273
Cardiidae,1970,0.00075202453752588,0.00386307049547991,0.00075202453752588,0.00386307049547991
Cardiidae,1971,0.000769898763871546,0.00377338416311298,0.000769898763871546,0.00377338416311298
Cardiidae,1972,0.000791021353251587,0.00367262374252136,0.000791021353251587,0.00367262374252136
Cardiidae,1973,0.000858770383153329,0.00338288774250201,0.000858770383153329,0.00338288774250201
Cardiidae,1974,0.000784124694895424,0.00370492578757591,0.000784124694895424,0.00370492578757591
Cardiidae,1975,0.000701177849428824,0.00414320532966016,0.000701177849428824,0.00414320532966016
Cardiidae,1976,0.000680659410467086,0.0042681020171301,0.000680659410467086,0.0042681020171301
Cardiidae,1977,0.000663548697779606,0.00437816216430595,0.000663548697779606,0.00437816216430595
Cardiidae,1978,0.000654835912248146,0.00443641490708633,0.000654835912248146,0.00443641490708633
Cardiidae,1979,0.000606997988782205,0.00478605177691212,0.000606997988782205,0.00478605177691212
Cardiidae,1980,0.000579376795996714,0.00501422187230576,0.000579376795996714,0.00501422187230576
Cardiidae,1981,0.000521926634198256,0.0055661535787607,0.000521926634198256,0.0055661535787607
Cardiidae,1982,0.000491371252835627,0.00591227872210296,0.000491371252835627,0.00591227872210296
Cardiidae,1983,0.000443346440171668,0.00655271710689334,0.000443346440171668,0.00655271710689334
Cardiidae,1984,0.000419118381747548,0.00693151130876197,0.000419118381747548,0.00693151130876197
Cardiidae,1985,0.000377493832645694,0.00769581792219589,0.000377493832645694,0.00769581792219589
Cardiidae,1986,0.000370445902417715,0.0078422349493755,0.000370445902417715,0.0078422349493755
Cardiidae,1987,0.000334270110817259,0.00869094695810643,0.000334270110817259,0.00869094695810643
Cardiidae,1988,0.000314270703442819,0.00924401724681198,0.000314270703442819,0.00924401724681198
Cardiidae,1989,0.000305172448749563,0.00951961363057783,0.000305172448749563,0.00951961363057783
Cardiidae,1990,0.000293047339879383,0.00991349658382459,0.000293047339879383,0.00991349658382459
Cardiidae,1991,0.000288414389333668,0.0100727422425245,0.000288414389333668,0.0100727422425245
Cardiidae,1992,0.000282457686463633,0.0102851646176292,0.000282457686463633,0.0102851646176292
Cardiidae,1993,0.000288105804222168,0.0100835309813922,0.000288105804222168,0.0100835309813922
Cardiidae,1994,0.000298167291126236,0.00974326792123955,0.000298167291126236,0.00974326792123955
Cardiidae,1995,0.000311776022158709,0.00931798341218911,0.000311776022158709,0.00931798341218911
Cardiidae,1996,0.000300133833094707,0.00967942791666691,0.000300133833094707,0.00967942791666691
Cardiidae,1997,0.000320463728261872,0.00906537478843529,0.000320463728261872,0.00906537478843529
Cardiidae,1998,0.00032100392749541,0.00905011918533205,0.00032100392749541,0.00905011918533205
Cardiidae,1999,0.00032684599399331,0.00888835676796644,0.00032684599399331,0.00888835676796644
Cardiidae,2000,0.000358716182340918,0.0080986694936226,0.000358716182340918,0.0080986694936226
Cardiidae,2001,0.000390969294240407,0.00743056768291064,0.000390969294240407,0.00743056768291064
Cardiidae,2002,0.000547535286373037,0.00530582023678723,0.000547535286373037,0.00530582023678723
Cardiidae,2003,0.00120990483931928,0.00240111759899038,0.00120990483931928,0.00240111759899038
Cardiidae,2004,0.00816727685245446,0.000355702868321415,0.00816727685245446,0.000355702868321415
Cardiidae,2005,0.853126816821207,0.565274167632606,0.853126816821207,0.565274167632606
Cardiidae,2006,1.97356703828353,0.105985208378342,1.97356703828353,0.105985208378342
Cardiidae,2007,1.85009925038052,0.0439670825559643,1.85009925038052,0.0439670825559643
Cardiidae,2008,2.11514856722392,0.0659272566924651,2.11514856722392,0.0659272566924651
Cardiidae,2009,1.90237354286135,0.0473402493556186,1.90237354286135,0.0473402493556186
Cardiidae,2010,1.88047745549686,0.0494363606527884,1.88047745549686,0.0494363606527884
Cardiidae,2011,1.72798953335419,0.0386679700163129,1.72798953335419,0.0386679700163129
Cardiidae,2012,1.58826196801026,0.0256076982628104,1.58826196801026,0.0256076982628104
Cardiidae,2013,1.31839743211106,0.0176282127500286,1.31839743211106,0.0176282127500286
Cardiidae,2014,1.28240583297674,0.013592220472281,1.28240583297674,0.013592220472281
Cardiidae,2015,2.09962050238385,0.118993240329169,2.09962050238385,0.118993240329169
Cardiidae,2016,0.896924058676054,0.200817085940415,0.896924058676054,0.200817085940415
Cardiidae,2017,0.727938833131536,0.0159635599617376,0.727938833131536,0.0159635599617376
Cardiidae,2018,0.930323066556758,0.0593313809334667,0.930323066556758,0.0593313809334667
Cerastoderma edule,1952,1.45619011830686,3.77408699710368e-08,1.45619011830686,3.77408699710368e-08
Cerastoderma edule,1953,0.000301802966683328,0.000182098547645469,0.000301802966683328,0.000182098547645469
Cerastoderma edule,1954,6.02237589942197e-06,0.00912561467865249,6.02237589942197e-06,0.00912561467865249
Cerastoderma edule,1955,1.72166915219341e-06,0.0319212793225177,1.72166915219341e-06,0.0319212793225177
Cerastoderma edule,1956,1.28988397593397e-06,0.0426068413388379,1.28988397593397e-06,0.0426068413388379
Cerastoderma edule,1957,1.24546437647785e-06,0.0441264181827085,1.24546437647785e-06,0.0441264181827085
Cerastoderma edule,1958,1.29336911978776e-06,0.0424920319089933,1.29336911978776e-06,0.0424920319089933
Cerastoderma edule,1959,1.29504540220768e-06,0.042437031021801,1.29504540220768e-06,0.042437031021801
Cerastoderma edule,1960,1.27720642614713e-06,0.043029756805966,1.27720642614713e-06,0.043029756805966
Cerastoderma edule,1961,1.21443739210639e-06,0.0452537794581619,1.21443739210639e-06,0.0452537794581619
Cerastoderma edule,1962,1.28049636085496e-06,0.0429192019502765,1.28049636085496e-06,0.0429192019502765
Cerastoderma edule,1963,1.42427634180437e-06,0.0385865300820091,1.42427634180437e-06,0.0385865300820091
Cerastoderma edule,1964,2.80792696156516e-06,0.0195724043610786,2.80792696156516e-06,0.0195724043610786
Cerastoderma edule,1965,4.58767079668681e-05,0.00119794737555751,4.58767079668681e-05,0.00119794737555751
Cerastoderma edule,1966,0.0236441227395518,0.232437813462179,0.0236441227395518,0.232437813462179
Cerastoderma edule,1967,0.286170928588208,0.115227389824515,0.286170928588208,0.115227389824515
Cerastoderma edule,1968,0.722363459625278,0.182593561207995,0.722363459625278,0.182593561207995
Cerastoderma edule,1969,0.783748238973933,0.119207156836655,0.783748238973933,0.119207156836655
Cerastoderma edule,1970,0.701153022746789,0.0705439356498043,0.701153022746789,0.0705439356498043
Cerastoderma edule,1971,0.648636321905492,0.0762555102865825,0.648636321905492,0.0762555102865825
Cerastoderma edule,1972,0.70329279391108,0.0703293054408417,0.70329279391108,0.0703293054408417
Cerastoderma edule,1973,0.696341371804833,0.0631390109890313,0.696341371804833,0.0631390109890313
Cerastoderma edule,1974,0.914784159268177,0.150193576679591,0.914784159268177,0.150193576679591
Cerastoderma edule,1975,0.757057015061521,0.0724489239953146,0.757057015061521,0.0724489239953146
Cerastoderma edule,1976,0.742307876763639,0.120753542024852,0.742307876763639,0.120753542024852
Cerastoderma edule,1977,0.52520566581483,0.0533667505845743,0.52520566581483,0.0533667505845743
Cerastoderma edule,1978,0.471579443463473,0.0600181148160633,0.471579443463473,0.0600181148160633
Cerastoderma edule,1979,0.338162272847628,0.039004622091282,0.338162272847628,0.039004622091282
Cerastoderma edule,1980,0.321717798524473,0.057739311191806,0.321717798524473,0.057739311191806
Cerastoderma edule,1981,0.206157503095189,0.029324021290182,0.206157503095189,0.029324021290182
Cerastoderma edule,1982,0.231827218172495,0.0329518925579557,0.231827218172495,0.0329518925579557
Cerastoderma edule,1983,0.143128792160848,0.0610520293748601,0.143128792160848,0.0610520293748601
Cerastoderma edule,1984,0.0527210717892382,0.166788360078359,0.0527210717892382,0.166788360078359
Cerastoderma edule,1985,0.00449775817018758,1.45405504244673,0.00449775817018758,1.45405504244673
Cerastoderma edule,1986,2.86816683789399e-06,0.0191613267338667,2.86816683789399e-06,0.0191613267338667
Cerastoderma edule,1987,1.49858565064366e-06,0.0366731670522288,1.49858565064366e-06,0.0366731670522288
Cerastoderma edule,1988,1.27526870653941e-06,0.0430951387941312,1.27526870653941e-06,0.0430951387941312
Cerastoderma edule,1989,1.17664576100868e-06,0.0467072450599027,1.17664576100868e-06,0.0467072450599027
Cerastoderma edule,1990,1.17469258802496e-06,0.0467849056581943,1.17469258802496e-06,0.0467849056581943
Cerastoderma edule,1991,1.12647209682793e-06,0.0487876105079618,1.12647209682793e-06,0.0487876105079618
Cerastoderma edule,1992,1.15994257299679e-06,0.0473798299911871,1.15994257299679e-06,0.0473798299911871
Cerastoderma edule,1993,1.13302041734323e-06,0.0485056412637262,1.13302041734323e-06,0.0485056412637262
Cerastoderma edule,1994,1.16667253621806e-06,0.047106518926281,1.16667253621806e-06,0.047106518926281
Cerastoderma edule,1995,1.15322700236275e-06,0.0476557362908858,1.15322700236275e-06,0.0476557362908858
Cerastoderma edule,1996,1.16387425717922e-06,0.0472197761649308,1.16387425717922e-06,0.0472197761649308
Cerastoderma edule,1997,1.23078308708125e-06,0.0446527763380779,1.23078308708125e-06,0.0446527763380779
Cerastoderma edule,1998,1.35873818560242e-06,0.0404477348840842,1.35873818560242e-06,0.0404477348840842
Cerastoderma edule,1999,4.25069379647202e-06,12.9291556954166,4.25069379647202e-06,12.9291556954166
Cerastoderma edule,2000,7.61119902139189e-07,0.0722066020789425,7.61119902139189e-07,0.0722066020789425
Cerastoderma edule,2001,1.13151123388831e-06,0.0485703369636656,1.13151123388831e-06,0.0485703369636656
Cerastoderma edule,2002,1.18142351909546e-06,0.0465183577437206,1.18142351909546e-06,0.0465183577437206
Cerastoderma edule,2003,1.16232241476069e-06,0.0472828203347031,1.16232241476069e-06,0.0472828203347031
Cerastoderma edule,2004,1.16918665178118e-06,0.0470052252344853,1.16918665178118e-06,0.0470052252344853
Cerastoderma edule,2005,1.16898435511602e-06,0.0470133596464374,1.16898435511602e-06,0.0470133596464374
Cerastoderma edule,2006,1.1731351143482e-06,0.0468470180765692,1.1731351143482e-06,0.0468470180765692
Cerastoderma edule,2007,1.13770017634999e-06,0.0483061205848153,1.13770017634999e-06,0.0483061205848153
Cerastoderma edule,2008,1.15071614940007e-06,0.0477597207067796,1.15071614940007e-06,0.0477597207067796
Cerastoderma edule,2009,1.143615283518e-06,0.0480562674355543,1.143615283518e-06,0.0480562674355543
Cerastoderma edule,2010,1.1557562678579e-06,0.0475514461279869,1.1557562678579e-06,0.0475514461279869
Cerastoderma edule,2011,1.19431838125527e-06,0.0460161065681377,1.19431838125527e-06,0.0460161065681377
Cerastoderma edule,2012,1.17203318216417e-06,0.0468910631068037,1.17203318216417e-06,0.0468910631068037
Cerastoderma edule,2013,1.19946025365048e-06,0.0458188437181367,1.19946025365048e-06,0.0458188437181367
Cerastoderma edule,2014,1.33143383607063e-06,0.0412772159000568,1.33143383607063e-06,0.0412772159000568
Cerastoderma edule,2015,5.10523310610409e-06,0.0107650093082757,5.10523310610409e-06,0.0107650093082757
Cerastoderma edule,2016,0.00079386065043182,0.138457251605137,0.00079386065043182,0.138457251605137
Cerastoderma edule,2017,0.0342460610657522,0.00802397125360042,0.0342460610657522,0.00802397125360042
Cerastoderma edule,2018,0.908826223711207,6.04712765480145e-08,0.908826223711207,6.04712765480145e-08
Donax spp,1952,1.62710816886351,1.51188663171801e-07,1.62710816886351,1.51188663171801e-07
Donax spp,1953,0.00131517434595551,0.000187047678996252,0.00131517434595551,0.000187047678996252
Donax spp,1954,3.58366884168457e-05,0.00686448217605827,3.58366884168457e-05,0.00686448217605827
Donax spp,1955,1.04315706545137e-06,0.235822885195097,1.04315706545137e-06,0.235822885195097
Donax spp,1956,1.05038528742647e-06,0.234200070994057,1.05038528742647e-06,0.234200070994057
Donax spp,1957,1.00113417763131e-06,0.245721616924945,1.00113417763131e-06,0.245721616924945
Donax spp,1958,1.03578929024498e-06,0.237500340275008,1.03578929024498e-06,0.237500340275008
Donax spp,1959,1.00284553419308e-06,0.245302292824518,1.00284553419308e-06,0.245302292824518
Donax spp,1960,1.0047018969133e-06,0.244849053875748,1.0047018969133e-06,0.244849053875748
Donax spp,1961,1.07015720081e-06,0.229873058556438,1.07015720081e-06,0.229873058556438
Donax spp,1962,1.0098952746329e-06,0.243589919732828,1.0098952746329e-06,0.243589919732828
Donax spp,1963,1.01515386277022e-06,0.242328102082072,1.01515386277022e-06,0.242328102082072
Donax spp,1964,1.06543766675782e-06,0.230891319653623,1.06543766675782e-06,0.230891319653623
Donax spp,1965,1.01410383490633e-06,0.242579014513947,1.01410383490633e-06,0.242579014513947
Donax spp,1966,1.0095077415386e-06,0.243683429818438,1.0095077415386e-06,0.243683429818438
Donax spp,1967,1.03005385791469e-06,0.238822763485795,1.03005385791469e-06,0.238822763485795
Donax spp,1968,1.10881147384766e-06,0.221859454639977,1.10881147384766e-06,0.221859454639977
Donax spp,1969,7.95305745704818e-06,0.0309315392495222,7.95305745704818e-06,0.0309315392495222
Donax spp,1970,2.97410782839574e-05,0.00827139845225741,2.97410782839574e-05,0.00827139845225741
Donax spp,1971,0.00033790935878729,0.000728006793801901,0.00033790935878729,0.000728006793801901
Donax spp,1972,0.166259546714907,0.221942421124441,0.166259546714907,0.221942421124441
Donax spp,1973,0.231458903413531,0.441072374759572,0.231458903413531,0.441072374759572
Donax spp,1974,0.109523297028017,0.662599584661166,0.109523297028017,0.662599584661166
Donax spp,1975,0.0477749168205023,1.01438294560927,0.0477749168205023,1.01438294560927
Donax spp,1976,0.00787629414648963,3.12330017532459e-05,0.00787629414648963,3.12330017532459e-05
Donax spp,1977,0.0175888648850665,1.39861389858792,0.0175888648850665,1.39861389858792
Donax spp,1978,0.0271246725747702,0.471600754878448,0.0271246725747702,0.471600754878448
Donax spp,1979,0.0517289735002345,0.570667366253326,0.0517289735002345,0.570667366253326
Donax spp,1980,0.0615445184502227,0.143896017759451,0.0615445184502227,0.143896017759451
Donax spp,1981,0.0199077292200863,1.03799010515009,0.0199077292200863,1.03799010515009
Donax spp,1982,0.00093285405523118,0.00026370717638723,0.00093285405523118,0.00026370717638723
Donax spp,1983,0.209586217051651,0.104463107349722,0.209586217051651,0.104463107349722
Donax spp,1984,0.00615870614537063,3.11559337955453,0.00615870614537063,3.11559337955453
Donax spp,1985,7.1435080349699e-07,0.344369051846986,7.1435080349699e-07,0.344369051846986
Donax spp,1986,2.70190067125474e-06,0.0910471326735156,2.70190067125474e-06,0.0910471326735156
Donax spp,1987,0.00412669017038893,14.604943232626,0.00412669017038893,14.604943232626
Donax spp,1988,1.75454521891675e-08,14.020744876457,1.75454521891675e-08,14.020744876457
Donax spp,1989,1.10650081532186e-06,0.222322754289914,1.10650081532186e-06,0.222322754289914
Donax spp,1990,1.08575756047015e-06,0.226570201159703,1.08575756047015e-06,0.226570201159703
Donax spp,1991,1.11248826684746e-06,0.221126205297877,1.11248826684746e-06,0.221126205297877
Donax spp,1992,1.0104896744002e-06,0.243446632972682,1.0104896744002e-06,0.243446632972682
Donax spp,1993,1.03259638948076e-06,0.23823471725491,1.03259638948076e-06,0.23823471725491
Donax spp,1994,1.00058896368596e-06,0.245855508919644,1.00058896368596e-06,0.245855508919644
Donax spp,1995,1.00597177364701e-06,0.244539971528776,1.00597177364701e-06,0.244539971528776
Donax spp,1996,1.00617433397779e-06,0.244490741394543,1.00617433397779e-06,0.244490741394543
Donax spp,1997,1.00039474956903e-06,0.245903238688896,1.00039474956903e-06,0.245903238688896
Donax spp,1998,7.67651038272477e-05,0.00320458511252705,7.67651038272477e-05,0.00320458511252705
Donax spp,1999,0.1349028635547,0.501472564489536,0.1349028635547,0.501472564489536
Donax spp,2000,0.179155468741018,0.400948353402846,0.179155468741018,0.400948353402846
Donax spp,2001,0.157611419414841,0.271579647624197,0.157611419414841,0.271579647624197
Donax spp,2002,0.100764438440116,0.429675935620241,0.100764438440116,0.429675935620241
Donax spp,2003,0.193334362846382,0.265933400562154,0.193334362846382,0.265933400562154
Donax spp,2004,0.691170151831024,0.0811494395085069,0.691170151831024,0.0811494395085069
Donax spp,2005,0.417245096081382,0.334882726626982,0.417245096081382,0.334882726626982
Donax spp,2006,0.255343503671435,0.631033098566398,0.255343503671435,0.631033098566398
Donax spp,2007,0.254503326723331,0.377936595222357,0.254503326723331,0.377936595222357
Donax spp,2008,0.444970169491557,0.191837819782653,0.444970169491557,0.191837819782653
Donax spp,2009,0.755364080426131,0.116915952424416,0.755364080426131,0.116915952424416
Donax spp,2010,0.191400846365147,0.272475626280259,0.191400846365147,0.272475626280259
Donax spp,2011,0.281112674204554,0.170643534193483,0.281112674204554,0.170643534193483
Donax spp,2012,0.992040469851325,0.0701766606611142,0.992040469851325,0.0701766606611142
Donax spp,2013,2.06780067146158,0.0635284467977666,2.06780067146158,0.0635284467977666
Donax spp,2014,0.216980986096474,0.547597055989496,0.216980986096474,0.547597055989496
Donax spp,2015,0.151879045241078,0.634927095639812,0.151879045241078,0.634927095639812
Donax spp,2016,1.10562862937408,0.138838836718628,1.10562862937408,0.138838836718628
Donax spp,2017,0.079102129013975,2.24846316454313,0.079102129013975,2.24846316454313
Donax spp,2018,0.921927101092634,0.149959984287587,0.921927101092634,0.149959984287587
Mya arenaria,1952,1.4106898940107,1.09694337227992e-06,1.4106898940107,1.09694337227992e-06
Mya arenaria,1953,0.05765747606921,2.68386172110585e-05,0.05765747606921,2.68386172110585e-05
Mya arenaria,1954,0.0133575815292522,0.000115847837139417,0.0133575815292522,0.000115847837139417
Mya arenaria,1955,0.00788342144380699,0.000196291285529702,0.00788342144380699,0.000196291285529702
Mya arenaria,1956,0.00624085270568698,0.000247954406641769,0.00624085270568698,0.000247954406641769
Mya arenaria,1957,0.00637545574698919,0.000242719421322637,0.00637545574698919,0.000242719421322637
Mya arenaria,1958,0.00704288893071438,0.000219717639281347,0.00704288893071438,0.000219717639281347
Mya arenaria,1959,0.00578144074730638,0.000267657664795451,0.00578144074730638,0.000267657664795451
Mya arenaria,1960,0.00525008493715941,0.000294747027543244,0.00525008493715941,0.000294747027543244
Mya arenaria,1961,0.00393687980476499,0.000393064306333241,0.00393687980476499,0.000393064306333241
Mya arenaria,1962,0.00516456338703997,0.000299627831746722,0.00516456338703997,0.000299627831746722
Mya arenaria,1963,0.00584125805445613,0.000264916720876043,0.00584125805445613,0.000264916720876043
Mya arenaria,1964,0.00599640456773473,0.000258062462613639,0.00599640456773473,0.000258062462613639
Mya arenaria,1965,0.00429473236419427,0.00036031277349866,0.00429473236419427,0.00036031277349866
Mya arenaria,1966,0.00509036204852233,0.000303995455495449,0.00509036204852233,0.000303995455495449
Mya arenaria,1967,0.00492548261794908,0.000314171635473487,0.00492548261794908,0.000314171635473487
Mya arenaria,1968,0.00439052254641623,0.000352451653127348,0.00439052254641623,0.000352451653127348
Mya arenaria,1969,0.00558377957958004,0.000277132524220034,0.00558377957958004,0.000277132524220034
Mya arenaria,1970,0.00572217876186988,0.000270429672677968,0.00572217876186988,0.000270429672677968
Mya arenaria,1971,0.00550017549349823,0.000281345010064958,0.00550017549349823,0.000281345010064958
Mya arenaria,1972,0.00631623050135246,0.000244995322644725,0.00631623050135246,0.000244995322644725
Mya arenaria,1973,0.00589200767902326,0.000262634913916782,0.00589200767902326,0.000262634913916782
Mya arenaria,1974,0.00583468922505783,0.000265214970307516,0.00583468922505783,0.000265214970307516
Mya arenaria,1975,0.00573386501088995,0.000269878507191629,0.00573386501088995,0.000269878507191629
Mya arenaria,1976,0.0049332838228164,0.000313674822928363,0.0049332838228164,0.000313674822928363
Mya arenaria,1977,0.00495559760934035,0.000312262425557042,0.00495559760934035,0.000312262425557042
Mya arenaria,1978,0.00510294961583049,0.000303245582667869,0.00510294961583049,0.000303245582667869
Mya arenaria,1979,0.00536929181740172,0.000288203171331099,0.00536929181740172,0.000288203171331099
Mya arenaria,1980,0.00406821567577086,0.000380374850525613,0.00406821567577086,0.000380374850525613
Mya arenaria,1981,0.00422717648411686,0.000366071048935773,0.00422717648411686,0.000366071048935773
Mya arenaria,1982,0.00420692046402706,0.000367833654762279,0.00420692046402706,0.000367833654762279
Mya arenaria,1983,0.00327922853181324,0.000471893591606938,0.00327922853181324,0.000471893591606938
Mya arenaria,1984,0.00291045005352127,0.000531686474985229,0.00291045005352127,0.000531686474985229
Mya arenaria,1985,0.00266994371100989,0.000579580357142429,0.00266994371100989,0.000579580357142429
Mya arenaria,1986,0.00273499899078291,0.00056579433293843,0.00273499899078291,0.00056579433293843
Mya arenaria,1987,0.00241798207431383,0.000639974525045405,0.00241798207431383,0.000639974525045405
Mya arenaria,1988,0.00236224627427812,0.000655074344460627,0.00236224627427812,0.000655074344460627
Mya arenaria,1989,0.00245386163348062,0.000630617027653006,0.00245386163348062,0.000630617027653006
Mya arenaria,1990,0.00230673447635896,0.000670838774655956,0.00230673447635896,0.000670838774655956
Mya arenaria,1991,0.0020339177314539,0.000760820806882456,0.0020339177314539,0.000760820806882456
Mya arenaria,1992,0.00213814597439121,0.000723733060376244,0.00213814597439121,0.000723733060376244
Mya arenaria,1993,0.00211582640209427,0.00073136762451098,0.00211582640209427,0.00073136762451098
Mya arenaria,1994,0.00215347469913778,0.000718581430372446,0.00215347469913778,0.000718581430372446
Mya arenaria,1995,0.00231447196099176,0.000668596101252489,0.00231447196099176,0.000668596101252489
Mya arenaria,1996,0.00204184314030261,0.000757867682895543,0.00204184314030261,0.000757867682895543
Mya arenaria,1997,0.0024065736162684,0.000643008349761909,0.0024065736162684,0.000643008349761909
Mya arenaria,1998,0.00239432074447897,0.000646298927637634,0.00239432074447897,0.000646298927637634
Mya arenaria,1999,0.00222574923925345,0.000695247650672603,0.00222574923925345,0.000695247650672603
Mya arenaria,2000,0.00248761152266887,0.000622061328899577,0.00248761152266887,0.000622061328899577
Mya arenaria,2001,0.0025426631998546,0.000608592962554295,0.0025426631998546,0.000608592962554295
Mya arenaria,2002,0.00285189366933427,0.000542603304680193,0.00285189366933427,0.000542603304680193
Mya arenaria,2003,0.00264137370136912,0.000585849298331091,0.00264137370136912,0.000585849298331091
Mya arenaria,2004,0.00249338775527931,0.000620620249016964,0.00249338775527931,0.000620620249016964
Mya arenaria,2005,0.00251905495300585,0.000614296614581914,0.00251905495300585,0.000614296614581914
Mya arenaria,2006,0.00221532027314398,0.000698520637551501,0.00221532027314398,0.000698520637551501
Mya arenaria,2007,0.00192300220775719,0.000804703667699941,0.00192300220775719,0.000804703667699941
Mya arenaria,2008,0.00226630834074284,0.000682805116037334,0.00226630834074284,0.000682805116037334
Mya arenaria,2009,0.00285339907138945,0.000542317036930895,0.00285339907138945,0.000542317036930895
Mya arenaria,2010,0.00445997774123601,0.000346962926579191,0.00445997774123601,0.000346962926579191
Mya arenaria,2011,0.0161055493610528,9.6081598639498e-05,0.0161055493610528,9.6081598639498e-05
Mya arenaria,2012,0.342591506699329,0.00451688643564474,0.342591506699329,0.00451688643564474
Mya arenaria,2013,1.9362197864616,0.00879131405658106,1.9362197864616,0.00879131405658106
Mya arenaria,2014,2.80115660061249,0.0342507482847671,2.80115660061249,0.0342507482847671
Mya arenaria,2015,3.51519365578074,0.0550270867378999,3.51519365578074,0.0550270867378999
Mya arenaria,2016,1.31125867894086,0.689192011757049,1.31125867894086,0.689192011757049
Mya arenaria,2017,1.44332202551161,0.878084732944174,1.44332202551161,0.878084732944174
Mya arenaria,2018,0.904671371471488,1.02801485047907,0.904671371471488,1.02801485047907
Ruditapes decussatus,1952,1.67131936547013,0.118885072338359,1.67131936547013,0.118885072338359
Ruditapes decussatus,1953,1.31426273312564,0.107988259803314,1.31426273312564,0.107988259803314
Ruditapes decussatus,1954,2.09275119949003,0.101726100199466,2.09275119949003,0.101726100199466
Ruditapes decussatus,1955,0.395771149073464,0.322743209620405,0.395771149073464,0.322743209620405
Ruditapes decussatus,1956,0.954496427557178,0.0594763652862733,0.954496427557178,0.0594763652862733
Ruditapes decussatus,1957,0.386631448566397,0.22024842417889,0.386631448566397,0.22024842417889
Ruditapes decussatus,1958,2.48180542417595,0.0285930847140662,2.48180542417595,0.0285930847140662
Ruditapes decussatus,1959,1.99181807405231,0.0285015880362689,1.99181807405231,0.0285015880362689
Ruditapes decussatus,1960,0.658564998717381,0.0431012719324582,0.658564998717381,0.0431012719324582
Ruditapes decussatus,1961,0.296737533733396,0.239142220549182,0.296737533733396,0.239142220549182
Ruditapes decussatus,1962,0.291175704216934,0.0974840575083462,0.291175704216934,0.0974840575083462
Ruditapes decussatus,1963,1.02605036880815,0.0276643232708824,1.02605036880815,0.0276643232708824
Ruditapes decussatus,1964,1.95281465775503,0.0363385600653321,1.95281465775503,0.0363385600653321
Ruditapes decussatus,1965,2.12348229470215,0.0401015668918938,2.12348229470215,0.0401015668918938
Ruditapes decussatus,1966,2.39405173451355,0.0533540896738723,2.39405173451355,0.0533540896738723
Ruditapes decussatus,1967,0.101593965915157,1.1175856297852,0.101593965915157,1.1175856297852
Ruditapes decussatus,1968,0.00228259223386839,6.21770911898964e-05,0.00228259223386839,6.21770911898964e-05
Ruditapes decussatus,1969,0.00566236433052125,2.5064608561053,0.00566236433052125,2.5064608561053
Ruditapes decussatus,1970,3.23500691427803e-05,0.00438716049873601,3.23500691427803e-05,0.00438716049873601
Ruditapes decussatus,1971,8.1198757944519e-05,0.00174787089196066,8.1198757944519e-05,0.00174787089196066
Ruditapes decussatus,1972,3.22821918328315e-05,0.0043963850475061,3.22821918328315e-05,0.0043963850475061
Ruditapes decussatus,1973,0.0381141082013484,0.372368532735506,0.0381141082013484,0.372368532735506
Ruditapes decussatus,1974,0.155854592185669,0.182124817092985,0.155854592185669,0.182124817092985
Ruditapes decussatus,1975,0.282464171099157,0.114559264073339,0.282464171099157,0.114559264073339
Ruditapes decussatus,1976,0.144669151002923,0.186395920990967,0.144669151002923,0.186395920990967
Ruditapes decussatus,1977,0.0675742015696478,0.201627166123705,0.0675742015696478,0.201627166123705
Ruditapes decussatus,1978,0.00409775124037653,0.103904510412552,0.00409775124037653,0.103904510412552
Ruditapes decussatus,1979,0.000327652068495617,0.000433157483565476,0.000327652068495617,0.000433157483565476
Ruditapes decussatus,1980,0.00356053561075873,0.279023924187177,0.00356053561075873,0.279023924187177
Ruditapes decussatus,1981,0.0828299801649775,0.352970490992901,0.0828299801649775,0.352970490992901
Ruditapes decussatus,1982,0.0896392859684019,0.0696647405589885,0.0896392859684019,0.0696647405589885
Ruditapes decussatus,1983,0.0984906384272679,0.106633951539211,0.0984906384272679,0.106633951539211
Ruditapes decussatus,1984,0.16309153044515,0.0435108264320063,0.16309153044515,0.0435108264320063
Ruditapes decussatus,1985,0.165376442431906,0.103841382423592,0.165376442431906,0.103841382423592
Ruditapes decussatus,1986,0.387563382846258,0.234366736188196,0.387563382846258,0.234366736188196
Ruditapes decussatus,1987,1.5661495511418,0.0364293614483927,1.5661495511418,0.0364293614483927
Ruditapes decussatus,1988,1.14359219129195,0.026682469073668,1.14359219129195,0.026682469073668
Ruditapes decussatus,1989,0.673145835924425,0.0257222765466876,0.673145835924425,0.0257222765466876
Ruditapes decussatus,1990,0.208073988405929,0.137781945766024,0.208073988405929,0.137781945766024
Ruditapes decussatus,1991,1.45645770269915,0.0154938013569765,1.45645770269915,0.0154938013569765
Ruditapes decussatus,1992,0.207270043431312,1.06955525825789,0.207270043431312,1.06955525825789
Ruditapes decussatus,1993,0.213232688743963,1.15346259504697,0.213232688743963,1.15346259504697
Ruditapes decussatus,1994,0.655030029612156,0.24526972965248,0.655030029612156,0.24526972965248
Ruditapes decussatus,1995,0.561986781020497,0.348254632349285,0.561986781020497,0.348254632349285
Ruditapes decussatus,1996,0.11877311658497,0.583123314290139,0.11877311658497,0.583123314290139
Ruditapes decussatus,1997,0.257545581254035,0.074394084129792,0.257545581254035,0.074394084129792
Ruditapes decussatus,1998,0.282375280595044,0.0864491062042946,0.282375280595044,0.0864491062042946
Ruditapes decussatus,1999,0.352468076939177,0.0575804407000744,0.352468076939177,0.0575804407000744
Ruditapes decussatus,2000,1.72227203595673,0.0655948968799299,1.72227203595673,0.0655948968799299
Ruditapes decussatus,2001,0.340918794715064,0.236875453119364,0.340918794715064,0.236875453119364
Ruditapes decussatus,2002,0.517777945812404,0.281230583949362,0.517777945812404,0.281230583949362
Ruditapes decussatus,2003,1.59807942141114,0.0460922315339412,1.59807942141114,0.0460922315339412
Ruditapes decussatus,2004,0.876977484543777,0.0859339576844544,0.876977484543777,0.0859339576844544
Ruditapes decussatus,2005,0.492471848710475,0.179253527519072,0.492471848710475,0.179253527519072
Ruditapes decussatus,2006,0.279273372278974,0.247490291974844,0.279273372278974,0.247490291974844
Ruditapes decussatus,2007,0.788667582609277,0.110852491391999,0.788667582609277,0.110852491391999
Ruditapes decussatus,2008,0.74478632441697,0.10252017009724,0.74478632441697,0.10252017009724
Ruditapes decussatus,2009,0.640659529255657,0.112536954511322,0.640659529255657,0.112536954511322
Ruditapes decussatus,2010,0.126038748977792,0.50334084669721,0.126038748977792,0.50334084669721
Ruditapes decussatus,2011,0.369570758599801,0.297236470259493,0.369570758599801,0.297236470259493
Ruditapes decussatus,2012,0.99764614453016,0.108544230828563,0.99764614453016,0.108544230828563
Ruditapes decussatus,2013,0.982284119543892,0.157632717899042,0.982284119543892,0.157632717899042
Ruditapes decussatus,2014,1.4923940869094,0.159480753541291,1.4923940869094,0.159480753541291
Ruditapes decussatus,2015,2.26323297886085,0.0875416829522529,2.26323297886085,0.0875416829522529
Ruditapes decussatus,2016,1.34037037670828,0.164545090745097,1.34037037670828,0.164545090745097
Ruditapes decussatus,2017,0.663521090676738,0.158925218759912,0.663521090676738,0.158925218759912
Ruditapes decussatus,2018,0.734968191253929,0.0556138140168276,0.734968191253929,0.0556138140168276
Solenidae,1952,1.43050576507987,4.99013055873615e-07,1.43050576507987,4.99013055873615e-07
Solenidae,1953,0.00524080155514162,0.000136208373044959,0.00524080155514162,0.000136208373044959
Solenidae,1954,0.000474350320569418,0.00150488156605528,0.000474350320569418,0.00150488156605528
Solenidae,1955,0.000197657577771488,0.00361150359791722,0.000197657577771488,0.00361150359791722
Solenidae,1956,0.000110047870694684,0.00648664121142159,0.000110047870694684,0.00648664121142159
Solenidae,1957,8.77195870849284e-05,0.00813776121160036,8.77195870849284e-05,0.00813776121160036
Solenidae,1958,8.46229630712431e-05,0.00843554783914097,8.46229630712431e-05,0.00843554783914097
Solenidae,1959,9.02632818669657e-05,0.00790843229398,9.02632818669657e-05,0.00790843229398
Solenidae,1960,8.24767625816319e-05,0.00865505665999926,8.24767625816319e-05,0.00865505665999926
Solenidae,1961,8.93220890120754e-05,0.00799176397655486,8.93220890120754e-05,0.00799176397655486
Solenidae,1962,9.87683854815282e-05,0.00722742454275345,9.87683854815282e-05,0.00722742454275345
Solenidae,1963,9.91588129991884e-05,0.00719896730997752,9.91588129991884e-05,0.00719896730997752
Solenidae,1964,0.000102057016139365,0.00699453188306562,0.000102057016139365,0.00699453188306562
Solenidae,1965,0.000103451932017145,0.00690021964170784,0.000103451932017145,0.00690021964170784
Solenidae,1966,7.07485705919535e-05,0.0100898300461002,7.07485705919535e-05,0.0100898300461002
Solenidae,1967,5.28635286682284e-05,0.0135034696181066,5.28635286682284e-05,0.0135034696181066
Solenidae,1968,6.57249583965571e-05,0.0108610346920315,6.57249583965571e-05,0.0108610346920315
Solenidae,1969,8.15306323984997e-05,0.00875549510996393,8.15306323984997e-05,0.00875549510996393
Solenidae,1970,7.81127931520099e-05,0.0091385933657266,7.81127931520099e-05,0.0091385933657266
Solenidae,1971,0.000104998155478111,0.00679860565194544,0.000104998155478111,0.00679860565194544
Solenidae,1972,0.000159601239345271,0.00447265357215087,0.000159601239345271,0.00447265357215087
Solenidae,1973,0.00017501102614908,0.0040788347396424,0.00017501102614908,0.0040788347396424
Solenidae,1974,0.000589366691929524,0.00121120019684229,0.000589366691929524,0.00121120019684229
Solenidae,1975,0.00625538915731561,0.114116170125483,0.00625538915731561,0.114116170125483
Solenidae,1976,0.010859419958749,0.262938925279235,0.010859419958749,0.262938925279235
Solenidae,1977,0.00069856246310275,0.00102187147317753,0.00069856246310275,0.00102187147317753
Solenidae,1978,0.000459377802542709,0.00155393022763864,0.000459377802542709,0.00155393022763864
Solenidae,1979,0.000839650616746687,0.000850164388663444,0.000839650616746687,0.000850164388663444
Solenidae,1980,0.0180620730270056,0.276650823273175,0.0180620730270056,0.276650823273175
Solenidae,1981,0.0121416704939896,0.352755934348917,0.0121416704939896,0.352755934348917
Solenidae,1982,0.000525882537772931,0.00135741539603195,0.000525882537772931,0.00135741539603195
Solenidae,1983,0.000196475763258678,0.00363322702728222,0.000196475763258678,0.00363322702728222
Solenidae,1984,0.000141916634251639,0.00503000269870822,0.000141916634251639,0.00503000269870822
Solenidae,1985,0.000440402964806851,0.00162088157964696,0.000440402964806851,0.00162088157964696
Solenidae,1986,0.00534091435893983,0.133655214314095,0.00534091435893983,0.133655214314095
Solenidae,1987,0.0378353541703072,0.188670376934794,0.0378353541703072,0.188670376934794
Solenidae,1988,0.0111725139446449,0.255570431798648,0.0111725139446449,0.255570431798648
Solenidae,1989,0.000318054972759511,0.00224439519710664,0.000318054972759511,0.00224439519710664
Solenidae,1990,0.00010448927173785,0.00683171622698513,0.00010448927173785,0.00683171622698513
Solenidae,1991,5.87901858141557e-05,0.0121421805934393,5.87901858141557e-05,0.0121421805934393
Solenidae,1992,4.78287284131647e-05,0.0149249431661839,4.78287284131647e-05,0.0149249431661839
Solenidae,1993,4.26729259274123e-05,0.0167281956360713,4.26729259274123e-05,0.0167281956360713
Solenidae,1994,7.59160187925979e-05,0.00940303594196029,7.59160187925979e-05,0.00940303594196029
Solenidae,1995,0.000368575906802642,0.00193675451949594,0.000368575906802642,0.00193675451949594
Solenidae,1996,0.011021180887259,0.129539848874555,0.011021180887259,0.129539848874555
Solenidae,1997,0.0481845133005712,0.0592589613865722,0.0481845133005712,0.0592589613865722
Solenidae,1998,0.0592619437684709,0.0120455220987388,0.0592619437684709,0.0120455220987388
Solenidae,1999,0.1272859415873,0.028040844274532,0.1272859415873,0.028040844274532
Solenidae,2000,0.1560637966694,0.0228701681143099,0.1560637966694,0.0228701681143099
Solenidae,2001,0.172841613224845,0.020650150156511,0.172841613224845,0.020650150156511
Solenidae,2002,0.204719201907341,0.0174346384371024,0.204719201907341,0.0174346384371024
Solenidae,2003,0.235742107666676,0.0151402959009481,0.235742107666676,0.0151402959009481
Solenidae,2004,0.375293042326556,0.00951044880624503,0.375293042326556,0.00951044880624503
Solenidae,2005,1.34242733134091,0.250456116501877,1.34242733134091,0.250456116501877
Solenidae,2006,1.15949123691899,0.187157671646526,1.15949123691899,0.187157671646526
Solenidae,2007,1.3708135750734,0.0947751569278981,1.3708135750734,0.0947751569278981
Solenidae,2008,1.30023971544622,0.115291526175843,1.30023971544622,0.115291526175843
Solenidae,2009,1.48828414312098,0.174589069294294,1.48828414312098,0.174589069294294
Solenidae,2010,1.54236610842706,0.165690296017919,1.54236610842706,0.165690296017919
Solenidae,2011,1.70078029139934,0.168724969867439,1.70078029139934,0.168724969867439
Solenidae,2012,1.90699973566314,0.187912039023229,1.90699973566314,0.187912039023229
Solenidae,2013,1.47382483673045,0.136585550743452,1.47382483673045,0.136585550743452
Solenidae,2014,1.59914303526779,0.136595262265757,1.59914303526779,0.136595262265757
Solenidae,2015,1.0342479512191,0.148393648035482,1.0342479512191,0.148393648035482
Solenidae,2016,0.811068641949553,0.240273877530618,0.811068641949553,0.240273877530618
Solenidae,2017,0.630022306717058,0.0872441507488393,0.630022306717058,0.0872441507488393
Solenidae,2018,0.908708045287896,0.0125688959305062,0.908708045287896,0.0125688959305062
Tellina spp,1952,1.40661370105218,8.78755970252767e-06,1.40661370105218,8.78755970252767e-06
Tellina spp,1953,0.0245315448723634,0.000503869688627508,0.0245315448723634,0.000503869688627508
Tellina spp,1954,0.00529671751323271,0.00233365321928325,0.00529671751323271,0.00233365321928325
Tellina spp,1955,0.00232199760085426,0.00532330518853336,0.00232199760085426,0.00532330518853336
Tellina spp,1956,0.00187819996401824,0.00658114264358994,0.00187819996401824,0.00658114264358994
Tellina spp,1957,0.00179177901295775,0.00689856382232386,0.00179177901295775,0.00689856382232386
Tellina spp,1958,0.00173258192915942,0.00713426688132805,0.00173258192915942,0.00713426688132805
Tellina spp,1959,0.0017185464608727,0.00719253285134495,0.0017185464608727,0.00719253285134495
Tellina spp,1960,0.0016742292345995,0.00738292082167966,0.0016742292345995,0.00738292082167966
Tellina spp,1961,0.00148634969339567,0.00831614655105192,0.00148634969339567,0.00831614655105192
Tellina spp,1962,0.00169055040492441,0.00731164349810805,0.00169055040492441,0.00731164349810805
Tellina spp,1963,0.00194012809186029,0.00637107515129963,0.00194012809186029,0.00637107515129963
Tellina spp,1964,0.00172347954457393,0.00717194579727098,0.00172347954457393,0.00717194579727098
Tellina spp,1965,0.00158471356184255,0.00779995967348048,0.00158471356184255,0.00779995967348048
Tellina spp,1966,0.0014878394695512,0.00830781957956661,0.0014878394695512,0.00830781957956661
Tellina spp,1967,0.0014746103852039,0.00838235102669533,0.0014746103852039,0.00838235102669533
Tellina spp,1968,0.00143031543019892,0.00864194122178378,0.00143031543019892,0.00864194122178378
Tellina spp,1969,0.00155372571055982,0.0079555238047363,0.00155372571055982,0.0079555238047363
Tellina spp,1970,0.00163175906097691,0.00757507782367656,0.00163175906097691,0.00757507782367656
Tellina spp,1971,0.00164362689608017,0.00752038184935287,0.00164362689608017,0.00752038184935287
Tellina spp,1972,0.00164266641137643,0.0075247790974384,0.00164266641137643,0.0075247790974384
Tellina spp,1973,0.00182042267427704,0.00679001753331732,0.00182042267427704,0.00679001753331732
Tellina spp,1974,0.0017367302550403,0.00711722608650163,0.0017367302550403,0.00711722608650163
Tellina spp,1975,0.0015423883227998,0.00801400120428289,0.0015423883227998,0.00801400120428289
Tellina spp,1976,0.00149626916649387,0.00826101489837801,0.00149626916649387,0.00826101489837801
Tellina spp,1977,0.00149403477328165,0.00827336960119022,0.00149403477328165,0.00827336960119022
Tellina spp,1978,0.00143325022816922,0.00862424553190448,0.00143325022816922,0.00862424553190448
Tellina spp,1979,0.00138053614685305,0.00895355178099888,0.00138053614685305,0.00895355178099888
Tellina spp,1980,0.00134604139545503,0.00918300277994864,0.00134604139545503,0.00918300277994864
Tellina spp,1981,0.00122103763726654,0.010123112915717,0.00122103763726654,0.010123112915717
Tellina spp,1982,0.00109713520494412,0.0112663433100017,0.00109713520494412,0.0112663433100017
Tellina spp,1983,0.000944694073191628,0.013084343627381,0.000944694073191628,0.013084343627381
Tellina spp,1984,0.000875753299161844,0.0141143651850578,0.000875753299161844,0.0141143651850578
Tellina spp,1985,0.000843839289286399,0.0146481706094088,0.000843839289286399,0.0146481706094088
Tellina spp,1986,0.000800739571808074,0.0154366067465343,0.000800739571808074,0.0154366067465343
Tellina spp,1987,0.000740230465588442,0.0166984506191101,0.000740230465588442,0.0166984506191101
Tellina spp,1988,0.000699712273435059,0.0176654066902496,0.000699712273435059,0.0176654066902496
Tellina spp,1989,0.000687533526661655,0.0179783259972897,0.000687533526661655,0.0179783259972897
Tellina spp,1990,0.000672350623725432,0.0183843093770033,0.000672350623725432,0.0183843093770033
Tellina spp,1991,0.000614015225595423,0.0201309370861334,0.000614015225595423,0.0201309370861334
Tellina spp,1992,0.000642111681927868,0.0192500809816726,0.000642111681927868,0.0192500809816726
Tellina spp,1993,0.000637624055939343,0.0193855638934133,0.000637624055939343,0.0193855638934133
Tellina spp,1994,0.000648389064169401,0.0190637112182387,0.000648389064169401,0.0190637112182387
Tellina spp,1995,0.000666213276192735,0.0185536709010487,0.000666213276192735,0.0185536709010487
Tellina spp,1996,0.000645980071928422,0.0191348037091756,0.000645980071928422,0.0191348037091756
Tellina spp,1997,0.000695507507439421,0.0177722048204722,0.000695507507439421,0.0177722048204722
Tellina spp,1998,0.000666467756087751,0.0185465864829656,0.000666467756087751,0.0185465864829656
Tellina spp,1999,0.00070774309287777,0.0174649558586709,0.00070774309287777,0.0174649558586709
Tellina spp,2000,0.000689255349490094,0.0179334144965779,0.000689255349490094,0.0179334144965779
Tellina spp,2001,0.000668687138385109,0.0184850300938056,0.000668687138385109,0.0184850300938056
Tellina spp,2002,0.000754845142851325,0.0163751492520686,0.000754845142851325,0.0163751492520686
Tellina spp,2003,0.000746495279944621,0.0165583121668318,0.000746495279944621,0.0165583121668318
Tellina spp,2004,0.000774936296391998,0.0159506038547159,0.000774936296391998,0.0159506038547159
Tellina spp,2005,0.000894215417585555,0.013822957682573,0.000894215417585555,0.013822957682573
Tellina spp,2006,0.00107595718030413,0.0114880983208789,0.00107595718030413,0.0114880983208789
Tellina spp,2007,0.0019782329662696,0.00624835501538442,0.0019782329662696,0.00624835501538442
Tellina spp,2008,0.0109798141269456,0.00112576604061585,0.0109798141269456,0.00112576604061585
Tellina spp,2009,0.660772556371512,0.579899625783845,0.660772556371512,0.579899625783845
Tellina spp,2010,1.92514769298948,0.192619536486498,1.92514769298948,0.192619536486498
Tellina spp,2011,2.48510252042522,0.21885249324365,2.48510252042522,0.21885249324365
Tellina spp,2012,2.51160138599448,0.196857701151414,2.51160138599448,0.196857701151414
Tellina spp,2013,2.48075079855083,0.254114922008337,2.48075079855083,0.254114922008337
Tellina spp,2014,2.40979189337679,0.174398405502284,2.40979189337679,0.174398405502284
Tellina spp,2015,2.05189169836612,0.12650508777382,2.05189169836612,0.12650508777382
Tellina spp,2016,1.01327000742648,0.0731929403957196,1.01327000742648,0.0731929403957196
Tellina spp,2017,0.826214087582555,0.0748032626298836,0.826214087582555,0.0748032626298836
Tellina spp,2018,0.939040165988181,0.0658156185650587,0.939040165988181,0.0658156185650587
Venus verrucosa,1952,1.41988418820632,4.72762511766008e-06,1.41988418820632,4.72762511766008e-06
Venus verrucosa,1953,0.0265456797103871,0.000252872792317538,0.0265456797103871,0.000252872792317538
Venus verrucosa,1954,0.00592294704576141,0.00113333448711758,0.00592294704576141,0.00113333448711758
Venus verrucosa,1955,0.00295825255156823,0.00226913694328569,0.00295825255156823,0.00226913694328569
Venus verrucosa,1956,0.00225490066714045,0.00297692942760326,0.00225490066714045,0.00297692942760326
Venus verrucosa,1957,0.00207668389802359,0.00323240342871689,0.00207668389802359,0.00323240342871689
Venus verrucosa,1958,0.00208859858856937,0.0032139637501769,0.00208859858856937,0.0032139637501769
Venus verrucosa,1959,0.0021269814897145,0.00315596547727063,0.0021269814897145,0.00315596547727063
Venus verrucosa,1960,0.00204370655370214,0.0032845616412849,0.00204370655370214,0.0032845616412849
Venus verrucosa,1961,0.00182851248134277,0.00367111530319068,0.00182851248134277,0.00367111530319068
Venus verrucosa,1962,0.00206986912977252,0.00324304568621223,0.00206986912977252,0.00324304568621223
Venus verrucosa,1963,0.0023823902489656,0.00281762408792899,0.0023823902489656,0.00281762408792899
Venus verrucosa,1964,0.00225371537028266,0.00297849508453709,0.00225371537028266,0.00297849508453709
Venus verrucosa,1965,0.00211726731869708,0.00317044526832041,0.00211726731869708,0.00317044526832041
Venus verrucosa,1966,0.0018471202682036,0.00363413269178242,0.0018471202682036,0.00363413269178242
Venus verrucosa,1967,0.00186679759477666,0.00359582644155682,0.00186679759477666,0.00359582644155682
Venus verrucosa,1968,0.00182150665433619,0.00368523504229464,0.00182150665433619,0.00368523504229464
Venus verrucosa,1969,0.0020006709335601,0.00335521451315719,0.0020006709335601,0.00335521451315719
Venus verrucosa,1970,0.0019035987406843,0.00352631046074318,0.0019035987406843,0.00352631046074318
Venus verrucosa,1971,0.00208564746033513,0.00321851141192097,0.00208564746033513,0.00321851141192097
Venus verrucosa,1972,0.00211131074542123,0.00317938994384901,0.00211131074542123,0.00317938994384901
Venus verrucosa,1973,0.00240816010529695,0.00278747253455761,0.00240816010529695,0.00278747253455761
Venus verrucosa,1974,0.00219104014196734,0.00306369565018799,0.00219104014196734,0.00306369565018799
Venus verrucosa,1975,0.00192368963222354,0.00348948189972496,0.00192368963222354,0.00348948189972496
Venus verrucosa,1976,0.00191554224402308,0.0035043237356303,0.00191554224402308,0.0035043237356303
Venus verrucosa,1977,0.00187497467947393,0.00358014442851892,0.00187497467947393,0.00358014442851892
Venus verrucosa,1978,0.00169478410584504,0.00396078776593528,0.00169478410584504,0.00396078776593528
Venus verrucosa,1979,0.00179479894509315,0.00374007360026849,0.00179479894509315,0.00374007360026849
Venus verrucosa,1980,0.00168032316481757,0.00399487449371763,0.00168032316481757,0.00399487449371763
Venus verrucosa,1981,0.00152617829207919,0.00439835908240288,0.00152617829207919,0.00439835908240288
Venus verrucosa,1982,0.00140344946789168,0.00478298670946569,0.00140344946789168,0.00478298670946569
Venus verrucosa,1983,0.00122856842780941,0.00546382277159899,0.00122856842780941,0.00546382277159899
Venus verrucosa,1984,0.00113475749089293,0.00591551957683086,0.00113475749089293,0.00591551957683086
Venus verrucosa,1985,0.00105658419505232,0.00635319000962364,0.00105658419505232,0.00635319000962364
Venus verrucosa,1986,0.00099307266107956,0.00675950553812983,0.00099307266107956,0.00675950553812983
Venus verrucosa,1987,0.000861138056109563,0.00779512658244262,0.000861138056109563,0.00779512658244262
Venus verrucosa,1988,0.000812977710891439,0.0082569055244726,0.000812977710891439,0.0082569055244726
Venus verrucosa,1989,0.000820749552132652,0.00817871923888384,0.000820749552132652,0.00817871923888384
Venus verrucosa,1990,0.000797267219637031,0.00841961137620667,0.000797267219637031,0.00841961137620667
Venus verrucosa,1991,0.000767513305235609,0.00874601144571947,0.000767513305235609,0.00874601144571947
Venus verrucosa,1992,0.000783845047761208,0.00856378460450205,0.000783845047761208,0.00856378460450205
Venus verrucosa,1993,0.000788550246882322,0.00851268537277417,0.000788550246882322,0.00851268537277417
Venus verrucosa,1994,0.000794349049980414,0.00845054217978623,0.000794349049980414,0.00845054217978623
Venus verrucosa,1995,0.00081859661954044,0.00820022950510242,0.00081859661954044,0.00820022950510242
Venus verrucosa,1996,0.000823097321017834,0.00815539059710677,0.000823097321017834,0.00815539059710677
Venus verrucosa,1997,0.000820203800020413,0.00818416124402929,0.000820203800020413,0.00818416124402929
Venus verrucosa,1998,0.00083867847557389,0.00800387794349827,0.00083867847557389,0.00800387794349827
Venus verrucosa,1999,0.000873968429633176,0.00768068951317849,0.000873968429633176,0.00768068951317849
Venus verrucosa,2000,0.000858368368745799,0.00782027902791993,0.000858368368745799,0.00782027902791993
Venus verrucosa,2001,0.000862021485792687,0.00778713786485245,0.000862021485792687,0.00778713786485245
Venus verrucosa,2002,0.000879666226526713,0.00763093995189182,0.000879666226526713,0.00763093995189182
Venus verrucosa,2003,0.000843912272904082,0.00795423928275489,0.000843912272904082,0.00795423928275489
Venus verrucosa,2004,0.000862202343119837,0.00778550441888514,0.000862202343119837,0.00778550441888514
Venus verrucosa,2005,0.000833406442177012,0.00805450955574311,0.000833406442177012,0.00805450955574311
Venus verrucosa,2006,0.000891898134589379,0.00752628567322104,0.000891898134589379,0.00752628567322104
Venus verrucosa,2007,0.000905421592173776,0.00741387239972543,0.000905421592173776,0.00741387239972543
Venus verrucosa,2008,0.00123036138615265,0.0054558605527464,0.00123036138615265,0.0054558605527464
Venus verrucosa,2009,0.00233479836930834,0.00287505775255496,0.00233479836930834,0.00287505775255496
Venus verrucosa,2010,0.012279060653809,0.000546677009063417,0.012279060653809,0.000546677009063417
Venus verrucosa,2011,0.628189562279245,0.288515402031488,0.628189562279245,0.288515402031488
Venus verrucosa,2012,2.02997513990468,0.102510164105794,2.02997513990468,0.102510164105794
Venus verrucosa,2013,2.47092969615145,0.192882983096579,2.47092969615145,0.192882983096579
Venus verrucosa,2014,2.72817777443091,0.275575948205237,2.72817777443091,0.275575948205237
Venus verrucosa,2015,2.65868841785164,0.310551493433025,2.65868841785164,0.310551493433025
Venus verrucosa,2016,1.26272682026212,0.680450470926257,1.26272682026212,0.680450470926257
Venus verrucosa,2017,1.06629349232853,0.67360138786094,1.06629349232853,0.67360138786094
Venus verrucosa,2018,0.926753224975293,0.869186744185744,0.926753224975293,0.869186744185744
